,City Name,Cloudiness,Country,Date,Humidity,Lat,Lng,Max Temp (F),Wind Speed
0,Hobart,40,AU,1621525152,74,-42.8794,147.3294,47.317999999999984,1.34
1,Souillac,40,MU,1621525245,69,-20.5167,57.5167,74.04800000000003,9.72
2,Lompoc,1,US,1621525183,61,34.6391,-120.4579,65.642,4.12
3,Gizo Government Station,90,SB,1621525246,76,-8.103,156.8419,81.98599999999996,1.52
4,Cherskiy,99,RU,1621525149,88,68.75,161.3,31.982000000000017,2.28
5,Kumul,92,CN,1621525246,28,42.8,93.45,74.084,7.22
6,Hermanus,18,ZA,1621525131,70,-34.4187,19.2345,58.064000000000036,11.12
7,Aklavik,20,CA,1621525247,43,68.2191,-135.0107,49.29800000000003,3.6
8,Hilo,90,US,1621524933,94,19.7297,-155.09,70.06999999999996,2.06
9,Albany,96,US,1621525148,41,42.6001,-73.9662,81.98599999999996,1.34
10,Punta Arenas,100,CL,1621525049,91,-53.15,-70.9167,46.688000000000045,3.4
11,Lieksa,100,FI,1621525248,81,63.3167,30.0167,53.725999999999985,3.41
12,Manoel Urbano,38,BR,1621525142,48,-8.8389,-69.2597,90.21199999999996,1.36
13,Pyn U Lwin,64,MM,1621525248,48,22.0333,96.4667,78.368,1.17
14,Castro,0,BR,1621525176,32,-24.7911,-50.0119,72.46400000000003,2.32
15,Chokurdakh,100,RU,1621525135,95,70.6333,147.9167,28.45399999999995,1.95
16,Rikitea,99,PF,1621525137,64,-23.1203,-134.9692,73.184,6.55
17,Half Moon Bay,1,US,1621525128,74,37.4636,-122.4286,57.182000000000016,8.75
18,Kiryat Gat,0,IL,1621525249,61,31.61,34.7642,83.65999999999998,7.26
19,Ixtapa,1,MX,1621525249,61,20.7,-105.2,78.29600000000005,2.06
20,Chui,100,UY,1621525184,59,-33.6971,-53.4616,64.25600000000003,1.44
21,Saint-Pierre,75,RE,1621525147,67,-21.3393,55.4781,75.14600000000004,11.32
22,Vao,69,NC,1621525250,78,-22.6667,167.4833,72.59000000000003,9.78
23,Faanui,63,PF,1621525250,73,-16.4833,-151.75,82.00399999999996,8.84
24,Mataura,93,NZ,1621525136,80,-46.1927,168.8643,52.75399999999995,2.74
25,Athabasca,96,CA,1621525149,62,54.7169,-113.2854,36.28399999999999,1.93
26,Kamenka,64,RU,1621525250,80,51.3223,42.7678,60.116000000000014,4.6
27,Fortuna,75,US,1621525145,70,40.5982,-124.1573,53.74399999999997,3.13
28,Gorin,74,RU,1621525251,85,51.1983,136.6669,43.95199999999998,1.82
29,Mar del Plata,40,AR,1621524920,54,-38.0023,-57.5575,59.288000000000046,2.68
30,Ostrovnoy,99,RU,1621525210,58,68.0531,39.5131,65.24600000000005,7.78
31,Khatanga,100,RU,1621525177,93,71.9667,102.5,25.772000000000038,1.16
32,Cockburn Town,40,TC,1621525252,74,21.4612,-71.1419,80.834,7.2
33,Mirny,30,RU,1621525252,46,62.5353,113.9611,33.27799999999996,1.38
34,Mabaruma,38,GY,1621525252,55,8.2,-59.7833,86.75600000000003,4.13
35,São Filipe,73,CV,1621525252,75,14.8961,-24.4956,75.308,4.25
36,Kavieng,32,PG,1621525233,78,-2.5744,150.7967,82.14800000000002,2.68
37,Jalu,5,LY,1621525253,10,29.0331,21.5482,100.34600000000005,6.19
38,Avarua,4,CK,1621525145,73,-21.2078,-159.775,75.52400000000002,2.06
39,Nikolskoye,99,RU,1621525192,91,59.7035,30.7861,60.674000000000014,2.56
40,Tasiilaq,4,GL,1621525129,61,65.6145,-37.6368,32.432000000000016,2.31
41,Thompson,90,CA,1621525183,74,55.7435,-97.8558,25.232000000000017,6.17
42,Cape Town,75,ZA,1621524907,78,-33.9258,18.4232,60.36799999999998,3.13
43,Katsuura,100,JP,1621525254,93,35.1333,140.3,70.08800000000005,7.68
44,Comodoro Rivadavia,75,AR,1621525137,82,-45.8667,-67.5,53.725999999999985,0.0
45,Carnarvon,0,AU,1621525195,83,-24.8667,113.6333,70.142,4.63
46,Bredasdorp,45,ZA,1621525186,78,-34.5322,20.0403,57.542,7.97
47,Tilichiki,95,RU,1621525255,92,60.4667,166.1,24.53000000000004,1.75
48,Jizan,1,SA,1621525255,34,17.3333,42.6667,92.60600000000002,4.78
49,Cayenne,75,GF,1621525255,90,4.9333,-52.3333,79.10600000000002,2.24
50,Makakilo City,20,US,1621525255,75,21.3469,-158.0858,72.19399999999997,6.33
51,Atuona,27,PF,1621525138,79,-9.8,-139.0333,79.84399999999997,7.8
52,Biak,87,ID,1621525168,87,-0.9131,122.8766,76.60399999999996,2.69
53,Uglegorsk,100,RU,1621525256,99,49.0833,142.0333,44.258,1.75
54,Sur,0,OM,1621525222,34,22.5667,59.5289,93.88399999999999,3.67
55,Ouésso,90,CG,1621525256,64,1.6136,16.0517,83.15600000000003,2.33
56,Jamestown,1,US,1621524907,50,42.097,-79.2353,81.98599999999996,2.57
57,Saint-Philippe,93,RE,1621525158,76,-21.3585,55.7679,75.05600000000004,7.83
58,Saint George,1,US,1621524931,19,37.1041,-113.5841,81.33800000000005,3.13
59,Qaanaaq,77,GL,1621525147,76,77.484,-69.3632,32.75600000000003,2.77
60,La Ronge,75,CA,1621525257,68,55.1001,-105.2842,25.32200000000004,4.12
61,Flinders,56,AU,1621525203,78,-34.5833,150.8552,53.47400000000002,0.45
62,Arrecife,0,ES,1621525258,47,28.963,-13.5477,82.65199999999999,12.35
63,Pisco,90,PE,1621525219,94,-13.7,-76.2167,65.28200000000001,2.06
64,Lebu,85,CL,1621525175,66,-37.6167,-73.65,56.227999999999966,5.73
65,Zharkovskiy,83,RU,1621525258,84,55.849,32.2697,55.54399999999997,2.19
66,New Norfolk,100,AU,1621525138,69,-42.7826,147.0587,46.975999999999985,0.45
67,Vila,56,PT,1621525259,43,42.0304,-8.1588,74.01199999999996,2.86
68,Alihe,66,CN,1621525259,68,50.5667,123.7167,49.1,1.31
69,Gandajika,80,CD,1621525259,44,-6.75,23.95,82.92200000000004,2.21
70,Ushuaia,90,AR,1621525145,100,-54.8,-68.3,42.69199999999999,0.0
71,Altona,20,DE,1621525260,63,53.55,9.9333,62.74399999999997,3.09
72,Ilulissat,75,GL,1621525145,86,69.2167,-51.1,28.688000000000045,3.09
73,Cabo San Lucas,1,MX,1621525132,69,22.8909,-109.9124,82.88599999999997,4.63
74,Saint Paul Harbor,90,US,1621525197,100,57.79,-152.4072,42.58399999999999,7.72
75,Akdepe,6,TM,1621525261,15,42.0551,59.3788,93.55999999999997,7.61
76,Arrondissement de Lannion,90,FR,1621525261,67,48.75,-3.4167,61.682000000000016,11.83
77,Butaritari,100,KI,1621525143,76,3.0707,172.7902,83.01199999999996,3.97
78,Saldanha,2,ZA,1621525141,64,-33.0117,17.9442,62.924000000000014,7.05
79,Rincon,40,US,1621524989,56,32.296,-81.2354,82.11199999999997,0.89
80,Lufkin,90,US,1621525262,95,31.3382,-94.7291,73.11199999999997,3.52
81,Sabang,100,ID,1621525262,79,5.8933,95.3214,84.79399999999998,9.14
82,Saskylakh,83,RU,1621525194,98,71.9167,114.0833,16.32200000000004,1.51
83,San Patricio,100,US,1621525263,80,28.017,-97.5169,76.19000000000003,2.38
84,Plymouth,1,US,1621525003,44,41.8334,-70.8328,78.33200000000002,0.45
85,Nome,1,US,1621525179,56,64.5011,-165.4064,44.438000000000045,4.63
86,Vadlapūdi,87,IN,1621525263,56,14.3167,79.8,89.38399999999999,6.31
87,Kapaa,20,US,1621525130,73,22.0752,-159.319,73.99399999999997,6.13
88,Inhambane,20,MZ,1621525264,69,-23.865,35.3833,77.25199999999998,4.12
89,Xichang,82,CN,1621525029,86,27.8964,102.2634,62.38399999999999,1.24
90,Arraial do Cabo,20,BR,1621525151,73,-22.9661,-42.0278,77.234,0.51
91,Barra de Tecoanapa,0,MX,1621525227,53,16.5167,-98.75,85.35199999999998,2.07
92,Bilyayivka,100,UA,1621525264,88,46.4832,30.2168,56.156000000000034,4.25
93,Alofi,14,NU,1621525150,88,-19.0595,-169.9187,77.16199999999995,3.6
94,Fairbanks,1,US,1621525203,61,64.8378,-147.7164,52.66400000000003,2.57
95,Grójec,59,PL,1621525265,67,51.8625,20.8676,63.62599999999999,4.54
96,Ambositra,97,MG,1621525265,97,-20.5167,47.25,51.475999999999985,2.98
97,Tuktoyaktuk,20,CA,1621525148,69,69.4541,-133.0374,35.86999999999996,5.14
98,Belaya Gora,100,RU,1621525265,97,68.5333,146.4167,32.07200000000004,3.19
99,Nanortalik,80,GL,1621525207,66,60.1432,-45.2371,38.15600000000003,2.99
100,Pangai,47,TO,1621525266,82,-19.8,-174.35,78.90800000000002,9.21
101,Saint-Joseph,76,RE,1621525266,77,-21.3667,55.6167,72.24800000000002,8.05
102,Deputatsky,94,RU,1621525267,97,69.3,139.9,17.383999999999993,1.54
103,Voljevac,100,BA,1621525267,98,43.8786,17.6592,54.37400000000001,2.12
104,Port Hawkesbury,90,CA,1621525267,82,45.6169,-61.3485,61.28599999999997,0.45
105,Vila Franca do Campo,59,PT,1621525136,76,37.7167,-25.4333,70.32200000000003,3.25
106,Kudahuvadhoo,87,MV,1621525268,74,2.6708,72.8944,84.59600000000006,5.72
107,Kapit,95,MY,1621525268,99,2.0167,112.9333,73.45399999999995,0.43
108,Batemans Bay,12,AU,1621525268,78,-35.7167,150.1833,50.18000000000004,1.57
109,Avera,6,US,1621525269,47,33.194,-82.5271,79.98800000000006,5.71
110,Tual,98,ID,1621525269,79,-5.6667,132.75,81.23000000000005,1.83
111,Ballina,81,AU,1621525233,100,-28.8667,153.5667,53.05999999999998,0.0
112,Chapais,100,CA,1621525269,91,49.7834,-74.8492,60.85399999999996,4.28
113,Panabá,89,MX,1621525270,40,21.2833,-88.2667,93.65,6.26
114,Hithadhoo,100,MV,1621524920,71,-0.6,73.0833,84.57799999999997,3.4
115,Apricena,0,IT,1621525270,48,41.7839,15.4437,70.15999999999998,7.78
116,George Town,20,MY,1621524864,86,5.4112,100.3354,84.39800000000002,0.89
117,Baykit,97,RU,1621525271,86,61.67,96.37,33.817999999999984,1.62
118,Cossato,58,IT,1621525271,40,45.5739,8.1817,75.74000000000002,2.58
119,Yellowknife,20,CA,1621525221,42,62.456,-114.3525,40.58599999999997,2.06
120,Bluff,100,NZ,1621525133,87,-46.6,168.3333,53.07799999999996,11.51
121,Champerico,7,GT,1621525224,68,14.3,-91.9167,89.99600000000005,1.5
122,Bengkulu,88,ID,1621525154,91,-3.8004,102.2655,77.25199999999998,1.72
123,Makīnsk,90,KZ,1621525272,48,52.6292,70.4169,57.07400000000001,1.42
124,Sioux Falls,90,US,1621525006,80,43.55,-96.7003,69.92599999999999,5.66
125,Ossora,50,RU,1621525272,95,59.2353,163.0719,30.632000000000016,1.16
126,Norman Wells,20,CA,1621525272,49,65.282,-126.8329,44.90600000000003,3.6
127,Vaini,75,TO,1621525152,88,-21.2,-175.2,77.43200000000002,4.63
128,Port Alfred,38,ZA,1621525141,81,-33.5906,26.891,63.95,17.6
129,Mazagão,27,BR,1621525273,54,-0.115,-51.2894,89.924,2.1
130,Eschwege,46,DE,1621525273,54,51.1833,10.0667,64.75999999999999,3.96
131,Sawākin,1,SD,1621525274,42,19.1059,37.3321,90.37400000000002,3.33
132,Shimoda,100,JP,1621525274,97,34.6667,138.95,67.424,5.35
133,Sechura,53,PE,1621525274,65,-5.5569,-80.8222,74.96600000000001,4.16
134,Port Elizabeth,75,ZA,1621525210,77,-33.918,25.5701,57.75800000000001,20.06
135,Port Hardy,90,CA,1621525200,93,50.6996,-127.4199,48.650000000000006,1.54
136,Busselton,42,AU,1621525132,89,-33.65,115.3333,52.358000000000004,1.97
137,Vung Tau,99,VN,1621525193,77,10.346,107.0843,84.99199999999999,5.42
138,Umm Hājar,9,TD,1621525275,14,13.2954,19.6966,105.29600000000005,2.92
139,Lagoa,67,PT,1621525141,64,39.05,-27.9833,59.75600000000003,7.04
140,Wuda,2,CN,1621525276,17,39.4994,106.7117,71.58200000000002,1.64
141,Tuy Hoa,100,VN,1621525114,88,13.0833,109.3,80.29399999999998,3.21
142,Sisimiut,76,GL,1621525136,65,66.9395,-53.6735,30.398000000000025,3.23
143,Tuatapere,97,NZ,1621525190,93,-46.1333,167.6833,53.096000000000046,6.53
144,Barrow,90,US,1621525154,86,71.2906,-156.7887,25.088000000000044,4.12
145,Haines Junction,100,CA,1621525276,70,60.7522,-137.5108,39.41600000000001,0.0
146,Zharkent,86,KZ,1621525277,36,44.1628,80.0,65.174,5.26
147,Brae,71,GB,1621525150,59,60.3964,-1.353,46.58000000000004,4.41
148,Narsaq,95,GL,1621525277,50,60.9167,-46.05,45.08599999999997,2.75
149,Coyhaique,75,CL,1621525278,100,-45.5752,-72.0662,45.48200000000001,0.0
150,Beringovskiy,100,RU,1621525159,98,63.05,179.3167,32.61199999999995,5.15
151,Cracow,75,US,1621525278,60,43.7424,-82.8199,80.36600000000001,4.42
152,Terrace,40,CA,1621525082,93,54.5163,-128.6035,46.688000000000045,2.06
153,Mountain Home,1,US,1621525278,48,43.133,-115.6912,47.94800000000002,6.87
154,Salinópolis,81,BR,1621525235,68,-0.6136,-47.3561,85.334,4.23
155,Santa Rosa,100,PH,1621524979,87,14.3122,121.1114,86.25199999999998,1.92
156,Vestmannaeyjar,40,IS,1621525194,81,63.4427,-20.2734,42.25999999999998,2.06
157,Cartagena,40,CO,1621525265,66,10.3997,-75.5144,91.292,2.06
158,Prince Rupert,90,CA,1621525177,81,54.3161,-130.3201,48.16400000000003,1.03
159,Pevek,100,RU,1621525139,91,69.7008,170.3133,29.11999999999996,2.03
160,Gawler,12,AU,1621525280,48,-34.6,138.7333,60.74600000000005,2.95
161,Ortigueira,0,BR,1621525280,26,-24.2083,-50.9494,77.73800000000006,1.81
162,Maracaibo,20,VE,1621525271,58,10.6317,-71.6406,90.10399999999996,2.42
163,Ambon City,100,ID,1621525280,87,-3.6954,128.1814,79.15999999999998,5.09
164,Raudeberg,94,NO,1621525281,82,61.9875,5.1352,47.33599999999997,5.8
165,Asău,100,RO,1621525220,84,46.4333,26.4,57.21799999999999,1.68
166,Røros,75,NO,1621525281,53,62.5747,11.3842,48.30800000000001,4.12
167,Krutinka,100,RU,1621525282,77,56.0055,71.5113,52.12400000000001,5.51
168,Emba,100,KZ,1621525282,58,48.8264,58.1442,70.60999999999999,6.3
169,Ovsyanka,100,RU,1621525282,93,55.9575,92.5519,42.242,2.25
170,Mossamedes,0,AO,1621525283,61,-15.1961,12.1522,79.7,8.23
171,Djibo,33,BF,1621525283,15,14.1022,-1.6306,107.492,2.47
172,Chengde,97,CN,1621525283,72,40.9725,117.9361,60.78200000000002,0.27
173,Isangel,60,VU,1621525208,82,-19.55,169.2667,74.56999999999996,3.62
174,Znojmo,37,CZ,1621525284,70,48.8555,16.0488,63.661999999999956,5.21
175,Quatre Cocos,99,MU,1621525284,63,-20.2078,57.7625,73.77799999999996,10.21
176,Sambava,6,MG,1621525236,71,-14.2667,50.1667,75.38000000000005,8.18
177,Te Anau,100,NZ,1621525285,88,-45.4167,167.7167,49.87400000000001,3.53
178,Sinnamary,100,GF,1621525236,89,5.3833,-52.95,78.25999999999999,5.54
179,Honiara,99,SB,1621525285,83,-9.4333,159.95,78.29600000000005,1.61
180,Sitka,90,US,1621525230,76,57.0531,-135.33,46.561999999999955,0.0
181,Yangshe,98,CN,1621525286,83,31.8899,120.6052,64.30999999999997,1.54
182,Dunedin,75,NZ,1621525286,61,-45.8742,170.5036,52.069999999999965,0.89
183,Folldal,99,NO,1621525286,82,62.1325,9.9968,42.65600000000003,2.0
184,Bindura,0,ZW,1621525286,49,-17.3019,31.3306,53.11400000000003,2.26
185,Mogadishu,85,SO,1621525287,84,2.0371,45.3438,79.19600000000005,8.63
186,Oyem,78,GA,1621525287,93,1.5995,11.5793,85.35199999999998,0.72
187,Guerrero Negro,60,MX,1621525186,69,27.9769,-114.0611,65.40800000000002,6.73
188,Mizdah,20,LY,1621525288,18,31.4451,12.9801,90.08599999999997,5.5
189,Ganzhou,100,CN,1621525288,95,28.8184,115.4327,65.15600000000003,1.11
190,Boa Vista,75,BR,1621525288,83,2.8197,-60.6733,80.85199999999998,1.03
191,Broken Hill,95,AU,1621525289,54,-31.95,141.4333,51.78200000000002,3.09
192,Port Victoria,100,KE,1621525289,72,0.0939,33.9756,73.20199999999997,2.49
193,Bethel,1,US,1621525167,38,41.3712,-73.414,78.22400000000002,3.09
194,Torbay,75,CA,1621524929,63,47.6666,-52.7314,57.542,6.17
195,Tezu,99,IN,1621525289,98,27.9167,96.1667,73.52599999999998,1.98
196,Esperance,0,AU,1621525290,83,-33.8667,121.9,60.908,4.49
197,Sherbakul',100,RU,1621525290,47,54.6316,72.3963,57.14600000000005,3.0
198,Orlik,100,RU,1621525290,97,52.5178,99.825,33.36799999999998,2.87
199,Bambous Virieux,40,MU,1621525159,63,-20.3428,57.7575,73.92200000000004,10.23
200,Provideniya,100,RU,1621525160,88,64.3833,-173.3,34.898000000000025,0.75
201,Ushirombo,100,TZ,1621525291,72,-3.4919,31.9639,72.23000000000005,1.22
202,Pandan,100,PH,1621525291,88,14.0453,124.1694,79.98800000000006,2.64
203,Marsh Harbour,87,BS,1621525292,59,26.5412,-77.0636,76.118,10.42
204,Mahébourg,40,MU,1621525134,60,-20.4081,57.7,73.958,6.69
205,Padang,89,ID,1621525292,86,-0.9492,100.3543,79.66400000000004,1.33
206,Griffith,1,US,1621525292,57,41.5284,-87.4237,79.68200000000002,6.69
207,Upernavik,100,GL,1621525146,89,72.7868,-56.1549,31.49600000000005,3.08
208,Sabha,28,LY,1621525293,7,27.0377,14.4283,101.3,4.04
209,Bud,100,US,1621525293,60,39.447,-86.1758,81.48200000000003,5.03
210,Ribeira Grande,40,PT,1621525169,68,38.5167,-28.7,65.066,9.26
211,São Félix do Xingu,86,BR,1621525163,76,-6.6447,-51.995,79.60999999999999,0.49
212,Birao,34,CF,1621525294,35,10.2849,22.7882,90.82400000000001,6.17
213,Kruisfontein,87,ZA,1621525196,86,-34.0033,24.7314,51.15199999999997,9.67
214,Kiruna,75,SE,1621525294,66,67.8557,20.2251,45.788000000000046,3.6
215,Kemin,90,KG,1621525294,81,42.7846,75.6892,54.158,2.27
216,Tamandaré,40,BR,1621525295,70,-8.7597,-35.1047,82.36400000000003,2.85
217,Severo-Kuril'sk,51,RU,1621525161,92,50.6789,156.125,38.443999999999974,1.47
218,Anjiang,97,CN,1621525295,97,27.3194,110.1031,63.51799999999999,0.84
219,Airai,78,TL,1621525153,93,-8.9266,125.4092,58.98200000000001,1.31
220,Tartagal,99,AR,1621525296,54,-22.5164,-63.8013,81.05000000000001,1.91
221,Codrington,0,AU,1621525296,90,-38.2667,141.9667,43.627999999999965,2.91
222,Sri Aman,97,MY,1621525296,94,1.2376,111.4621,77.35999999999999,0.0
223,Pyatnitskoye,76,RU,1621525297,82,50.4233,37.8273,59.21600000000001,5.66
224,Monte Alegre,23,BR,1621525297,58,-2.0078,-54.0692,87.69200000000001,2.19
225,Mehamn,75,NO,1621525297,81,71.0357,27.8492,39.41600000000001,5.66
226,Walvis Bay,0,NA,1621525298,64,-22.9575,14.5053,74.62400000000002,7.92
227,Ahipara,89,NZ,1621525143,82,-35.1667,173.1667,59.161999999999956,1.47
228,Huarmey,94,PE,1621525237,81,-10.0681,-78.1522,67.58599999999997,3.76
229,Seminole,40,US,1621525122,47,28.7086,-81.2081,84.68599999999998,2.68
230,Jumla,53,NP,1621525298,93,29.2747,82.1838,55.36400000000003,3.11
231,Arman',89,RU,1621525299,91,59.7,150.1667,31.838000000000044,1.04
232,Berdigestyakh,69,RU,1621525299,89,62.0989,126.6992,33.63800000000005,2.58
233,Riyadh,0,SA,1621525299,5,24.6877,46.7219,104.41400000000003,3.6
234,Tiksi,99,RU,1621525167,97,71.6872,128.8694,24.674000000000014,2.19
235,Hirara,95,JP,1621525182,87,24.8,125.2833,81.78800000000004,6.44
236,Mahajanga,20,MG,1621525300,44,-15.7167,46.3167,80.88800000000005,2.57
237,Castaños,0,MX,1621525300,46,26.7833,-101.4167,70.23200000000003,1.32
238,Nioro,100,GM,1621525171,23,13.35,-15.75,101.22799999999997,5.19
239,Gualeguay,75,AR,1621525301,54,-33.1416,-59.3097,66.18200000000002,4.62
240,East London,0,ZA,1621525147,77,-33.0153,27.9116,69.20600000000003,2.57
241,São João da Barra,0,BR,1621525301,67,-21.6403,-41.0511,80.95999999999998,2.86
242,Shīeli,3,KZ,1621525302,30,44.1667,66.75,78.76400000000004,4.42
243,Wenling,100,CN,1621525302,98,28.3669,121.36,72.17599999999999,3.3
244,Rio Grande,98,BR,1621525302,70,-32.035,-52.0986,64.21999999999997,0.73
245,Puerto Ayora,71,EC,1621525187,87,-0.7393,-90.3518,79.03399999999999,4.02
246,Lavrentiya,96,RU,1621525193,94,65.5833,-171.0,29.06600000000001,2.36
247,Ajdabiya,7,LY,1621525150,35,30.7554,20.2263,80.40199999999999,7.69
248,Srednekolymsk,100,RU,1621525303,99,67.45,153.6833,32.88200000000002,3.91
249,Totoral,41,PE,1621525303,24,-17.4053,-70.365,71.34800000000003,4.32
250,Tyukalinsk,100,RU,1621525304,76,55.8732,72.1967,49.946000000000055,4.94
251,Lata,99,PT,1621525205,34,40.1629,-8.3327,83.31799999999998,4.45
252,Guiren,82,CN,1621525304,74,33.6697,118.1889,62.25800000000001,2.89
253,Taltal,68,CL,1621525207,65,-25.4,-70.4833,65.73200000000003,2.15
254,Dinghaicun,100,CN,1621525304,97,26.2847,119.7936,78.18800000000005,1.86
255,Geraldton,0,AU,1621525130,73,-28.7667,114.6,61.483999999999995,4.48
256,Makkah al Mukarramah,2,SA,1621525305,14,21.4267,39.8261,97.592,5.94
257,Henties Bay,0,NA,1621525305,74,-22.116,14.2845,65.11999999999996,5.25
258,Mitsamiouli,30,KM,1621525306,69,-11.3847,43.2844,80.74399999999997,3.93
259,Balagansk,100,RU,1621525306,58,54.0103,103.0544,43.71799999999998,3.78
260,Moses Lake,1,US,1621525156,54,47.1301,-119.2781,52.88000000000004,3.09
261,Oktyabr'skiy,89,RU,1621525306,75,54.4815,53.471,66.092,3.9
262,Loandjili,40,CG,1621525307,79,-4.7561,11.8578,86.37799999999996,3.6
263,Vardø,75,NO,1621525162,81,70.3705,31.1107,39.667999999999985,8.75
264,Zhanjiang,93,CN,1621525307,82,21.2815,110.3427,82.63399999999999,5.79
265,Tervel Municipality,99,BG,1621525307,91,43.75,27.4,62.81600000000001,3.89
266,Kawalu,95,ID,1621525308,96,-7.3817,108.2082,74.22799999999997,0.56
267,Homer,90,US,1621525100,65,59.6425,-151.5483,46.561999999999955,6.17
268,Tazovsky,100,RU,1621525308,91,67.4667,78.7,26.65399999999995,5.11
269,Oltu,32,TR,1621525309,37,40.5498,42.0013,73.4,3.08
270,Cadiz,38,ES,1621525309,42,36.5,-5.75,85.69399999999997,6.26
271,Turukhansk,99,RU,1621525205,71,65.8167,87.9833,34.64600000000005,1.22
272,Ngorongoro,84,TZ,1621525309,92,-3.2397,35.4875,53.564000000000036,1.94
273,Klaksvík,96,FO,1621525310,66,62.2266,-6.589,42.188000000000045,7.02
274,Dikson,38,RU,1621525132,96,73.5069,80.5464,14.522000000000038,2.72
275,Kaniama,79,CD,1621525310,52,-7.5667,24.1833,78.85399999999996,2.89
276,Waipawa,5,NZ,1621525160,85,-41.4122,175.5153,55.292,2.91
277,Botelhos,6,BR,1621525311,29,-21.6333,-46.395,74.96600000000001,2.57
278,Oistins,40,BB,1621525311,54,13.0667,-59.5333,86.35999999999999,9.26
279,Lanxi,100,CN,1621525311,93,29.2195,119.477,67.02799999999996,0.94
280,Shelabolikha,19,RU,1621525312,61,53.4131,82.6167,40.73000000000004,2.88
281,Aimorés,2,BR,1621525312,39,-19.4958,-41.0639,73.27400000000002,1.83
282,Talnakh,25,RU,1621525192,93,69.4865,88.3972,13.099999999999998,1.07
283,Bilibino,100,RU,1621525312,92,68.0546,166.4372,28.18399999999999,1.1
284,Sioux Lookout,90,CA,1621525313,100,50.1001,-91.917,65.04800000000003,2.06
285,Petra,66,JO,1621525313,23,30.3222,35.4793,79.98800000000006,4.16
286,Key West,90,US,1621525077,89,24.5557,-81.7826,79.26799999999999,7.2
287,Plettenberg Bay,100,ZA,1621525313,87,-34.0527,23.3716,55.346000000000046,3.5
288,Mount Gambier,0,AU,1621525230,93,-37.8333,140.7667,42.98000000000004,3.09
289,Koungou,0,YT,1621525314,69,-12.7336,45.2042,80.58200000000002,7.51
290,Georgiyevka,40,KZ,1621525314,90,43.0369,74.7114,64.70600000000003,1.71
291,Novo Aripuanã,79,BR,1621525314,76,-5.1206,-60.3797,84.542,1.12
292,Calvinia,92,ZA,1621525315,90,-31.4707,19.776,47.67799999999996,7.83
293,Faya,16,SA,1621525315,29,18.3851,42.4509,79.17799999999997,2.11
294,Oron,90,NG,1621525315,77,4.8256,8.2343,82.58000000000004,3.46
295,Egvekinot,100,RU,1621525316,98,66.3167,-179.1667,26.15,1.82
296,Kavaratti,99,IN,1621525179,76,10.5669,72.642,83.87599999999999,4.95
297,Whitley Bay,75,GB,1621525316,93,55.0397,-1.4471,51.29600000000005,2.68
298,Cascavel,0,BR,1621525261,41,-24.9558,-53.4553,76.87400000000002,10.29
299,Altay,7,CN,1621525185,44,47.8667,88.1167,42.83599999999997,4.61
300,Sukhobuzimskoye,100,RU,1621525317,77,56.5,93.2728,42.70999999999998,0.85
301,Chumikan,74,RU,1621525317,84,54.7183,135.315,33.008,0.79
302,Bubaque,79,GW,1621525318,81,11.2833,-15.8333,79.53800000000004,4.15
303,Bondoukou,42,CI,1621525318,33,8.0333,-2.8,96.51199999999996,2.38
304,Slave Lake,1,CA,1621525318,70,55.2834,-114.769,41.251999999999974,4.63
305,Ancud,72,CL,1621525318,69,-41.8697,-73.8203,55.688000000000045,8.88
306,Jijiga,94,ET,1621525319,49,9.35,42.8,72.76999999999995,2.32
307,Zhigalovo,100,RU,1621525319,44,54.8097,105.1578,41.09000000000002,2.53
308,Mariehamn,0,AX,1621525319,67,60.0973,19.9348,55.52599999999999,2.57
309,Bontang,100,ID,1621525320,88,0.1333,117.5,78.16999999999996,2.18
310,Tongling,100,CN,1621525320,90,30.95,117.7833,67.17200000000004,1.31
311,Hamina,100,FI,1621525321,96,60.5697,27.1979,53.150000000000006,3.71
312,Yelets,96,RU,1621525321,85,52.6237,38.5017,58.36999999999996,5.33
313,Naze,100,JP,1621525321,89,28.3667,129.4833,75.03800000000004,5.83
314,Kununurra,20,AU,1621525321,83,-15.7667,128.7333,70.05199999999998,1.54
315,Kodino,12,RU,1621525322,28,63.7198,39.6447,82.11199999999997,3.49
316,Hūn,78,LY,1621525322,9,29.1268,15.9477,100.99399999999997,5.0
317,Mount Isa,7,AU,1621525153,37,-20.7333,139.5,69.83599999999997,4.12
318,Maniitsoq,92,GL,1621525323,89,65.4167,-52.9,31.964000000000034,3.92
319,Fare,46,PF,1621525323,76,-16.7,-151.0167,81.17599999999999,9.19
320,Guarapari,0,BR,1621525323,66,-20.6667,-40.4975,86.16199999999995,2.96
321,Chīma,49,IN,1621525324,45,30.6854,76.0863,87.22400000000002,5.53
322,Cidreira,86,BR,1621525157,63,-30.1811,-50.2056,61.12400000000001,0.44
323,Punta Umbría,64,ES,1621525324,61,37.1821,-6.9661,77.50399999999996,5.52
324,Shakiso,98,ET,1621525324,95,5.75,38.9167,62.150000000000006,0.64
325,Caraballeda,13,VE,1621525325,68,10.6112,-66.8522,92.13800000000005,4.9
326,Ponta do Sol,5,PT,1621525212,44,32.6667,-17.1,83.30000000000001,1.58
327,Batagay,97,RU,1621525172,90,67.6333,134.6333,31.406000000000027,1.89
328,Itarema,9,BR,1621525187,68,-2.9248,-39.9167,85.69399999999997,6.68
329,Fuerte,77,PH,1621525325,77,17.5381,120.3644,83.39000000000001,3.24
330,Kuala Lipis,100,MY,1621525326,86,4.1842,102.0468,76.74800000000002,0.29
331,Vostok,30,RU,1621525326,72,46.4856,135.8833,56.84000000000002,2.29
332,Constitución,100,CL,1621525156,67,-35.3333,-72.4167,57.41600000000001,2.14
333,Porbandar,6,IN,1621525326,79,21.6422,69.6093,84.90199999999999,5.53
334,Policoro,44,IT,1621525327,37,40.2115,16.6726,73.292,8.99
335,Saint-Augustin,64,CA,1621525327,48,51.226,-58.6502,62.653999999999954,9.0
336,Denpasar,40,ID,1621525327,86,-8.65,115.2167,80.52799999999996,2.44
337,Carlsbad,90,US,1621525060,76,33.1581,-117.3506,65.96600000000001,1.79
338,Olinda,20,BR,1621525314,67,-8.0089,-34.8553,82.4,3.26
339,Kutum,90,SD,1621525328,15,14.2,24.6667,93.03800000000004,3.63
340,Los Llanos de Aridane,0,ES,1621525177,59,28.6585,-17.9182,73.41799999999998,5.94
341,Rocha,100,UY,1621525191,77,-34.4833,-54.3333,58.36999999999996,0.1
342,Kaseda-shirakame,100,JP,1621525329,95,31.4167,130.3167,74.01199999999996,5.41
343,Adrar,83,MR,1621525185,10,20.5022,-10.0711,105.692,4.26
344,San Jerónimo,33,PE,1621525200,49,-11.9472,-75.2829,59.50399999999995,1.02
345,Mahabalipuram,100,IN,1621525329,69,12.6264,80.1722,77.32400000000001,6.06
346,Lüderitz,10,NA,1621525176,87,-26.6481,15.1594,62.150000000000006,1.21
347,Atar,0,MR,1621525330,8,20.5169,-13.0499,104.52200000000003,7.17
348,Camopi,100,GF,1621525330,76,3.1655,-52.3158,82.02200000000005,2.18
349,Umm Kaddadah,71,SD,1621525330,29,13.6017,26.6876,92.03000000000004,6.7
350,Dingle,98,PH,1621525330,89,10.9995,122.6711,77.792,1.22
351,Banda Aceh,99,ID,1621525331,81,5.5577,95.3222,82.85,6.1
352,Komsomolets,2,KZ,1621525331,35,53.7453,62.0708,68.01799999999999,2.6
353,High Level,40,CA,1621525331,44,58.5169,-117.136,43.17799999999996,3.57
354,Maceió,75,BR,1621525332,74,-9.6658,-35.7353,83.91199999999995,2.96
355,Grand-Santi,97,GF,1621525332,70,4.25,-54.3833,83.65999999999998,2.46
356,Phalombe,83,MW,1621525332,61,-15.8064,35.6507,67.58599999999997,1.41
357,North Bend,90,US,1621525168,91,43.4065,-124.2243,47.39000000000002,2.06
358,Magistral'nyy,95,RU,1621525333,47,56.1725,107.4458,37.075999999999986,6.55
359,Lamar,90,US,1621525333,93,33.6668,-95.5836,69.98000000000005,6.32
360,Coari,63,BR,1621525333,70,-4.085,-63.1414,85.36999999999996,0.63
361,Longyearbyen,75,SJ,1621525133,74,78.2186,15.6401,28.508000000000003,0.0
362,Le Passage,0,FR,1621525334,35,44.2014,0.6028,77.61199999999997,1.03
363,Kagoro,99,NG,1621525334,49,9.6,8.3833,86.70199999999997,4.98
364,Eskişehir,0,TR,1621525334,18,39.7767,30.5206,82.58000000000004,7.2
365,Hasaki,100,JP,1621525141,94,35.7333,140.8333,70.46600000000001,9.09
366,Labuhan,76,ID,1621525207,87,-6.8844,112.2051,78.63800000000005,2.45
367,Tinogboc,88,PH,1621525335,81,12.0074,121.4122,81.48200000000003,3.47
368,Barra do Garças,0,BR,1621525101,28,-15.89,-52.2567,90.44600000000005,2.21
369,Laguna,0,US,1621525189,47,38.421,-121.4238,60.56600000000001,0.89
370,Berea,40,US,1621525330,36,41.3662,-81.8543,84.52400000000002,0.0
371,Sarakhs,1,IR,1621525336,20,36.5449,61.1577,90.01400000000004,2.06
372,Winchester,75,GB,1621525096,89,51.0651,-1.3187,58.11799999999998,3.13
373,Leningradskiy,77,RU,1621525180,90,69.3833,178.4167,26.167999999999985,1.45
374,Lábrea,41,BR,1621525336,50,-7.2586,-64.7981,91.56199999999995,1.4
375,Sangar,33,RU,1621525337,50,63.9242,127.4739,35.311999999999955,1.55
376,Malanje,92,AO,1621525337,60,-9.5402,16.341,75.36199999999997,0.86
377,Zapolyarnyy,100,RU,1621525337,97,69.4154,30.8136,38.75,4.9
378,Kemijärvi,100,FI,1621525338,93,66.7131,27.4306,41.55800000000001,3.31
379,Ambilobe,31,MG,1621525338,77,-13.2,49.05,73.83200000000002,0.4
380,Rudnogorsk,100,RU,1621525338,44,57.2639,103.7519,33.54800000000002,2.6
381,Zhigansk,27,RU,1621525154,68,66.7697,123.3711,35.29399999999997,3.86
382,Tagusao,100,PH,1621525339,90,9.1924,117.8141,78.24199999999999,2.65
383,Pierre,1,US,1621525188,64,44.3683,-100.351,76.26199999999996,6.17
384,Eyl,84,SO,1621525339,73,7.9803,49.8164,83.15600000000003,11.75
385,Opuwo,0,NA,1621525340,21,-18.0607,13.84,80.6,1.31
386,St. George's,20,GD,1621525340,74,12.0564,-61.7485,84.14600000000004,9.26
387,Kloulklubed,73,PW,1621525340,80,7.0419,134.2556,79.57400000000001,4.74
388,Aktash,99,RU,1621525340,96,50.3,87.7333,15.601999999999975,1.15
389,Kiliya,100,UA,1621525341,87,45.4552,29.2637,56.227999999999966,5.39
390,Long Xuyen,91,VN,1621525341,80,10.3833,105.4167,82.61600000000001,4.31
391,Honningsvåg,100,NO,1621525342,79,70.9821,25.9704,39.001999999999974,5.46
392,Leshukonskoye,30,RU,1621525342,32,64.8989,45.7622,82.4,2.77
393,Ketchikan,40,US,1621525342,87,55.3422,-131.6461,47.13800000000005,0.0
394,Vieux-Habitants,94,GP,1621525343,66,16.0589,-61.7659,87.63800000000005,6.42
395,Coquimbo,0,CL,1621525343,65,-29.9533,-71.3436,64.4,1.95
396,Andenes,75,NO,1621525343,76,69.3143,16.1194,44.851999999999975,2.57
397,Taksimo,75,RU,1621525343,71,56.3444,114.8794,31.064000000000032,1.63
398,Shenjiamen,100,CN,1621525344,92,29.9576,122.298,63.661999999999956,2.26
399,Casper,1,US,1621525130,35,42.8666,-106.3131,63.248000000000026,3.34
400,Clyde River,20,CA,1621525174,63,70.4692,-68.5914,21.70399999999995,4.12
401,Andijan,56,UZ,1621525344,33,40.7821,72.3442,78.92599999999999,0.57
402,Serebryansk,8,KZ,1621525345,66,49.6925,83.2892,37.219999999999956,7.1
403,Narón,45,ES,1621525345,82,43.5167,-8.1528,69.94399999999997,4.62
404,Biggar,100,GB,1621525345,96,55.6167,-3.5167,48.55999999999998,8.3
405,Chilmāri,14,BD,1621525346,78,25.5559,89.6715,82.65199999999999,1.81
406,Alice Springs,25,AU,1621525168,36,-23.7,133.8833,51.61999999999996,2.99
407,Samarai,100,PG,1621525346,83,-10.6167,150.6667,80.41999999999996,7.31
408,Voyvozh,3,RU,1621525346,36,62.892,54.9635,72.71600000000001,2.09
409,Ratnagiri,23,IN,1621525347,77,16.9833,73.3,83.75,1.67
410,Borzya,100,RU,1621525347,69,50.3833,116.5167,57.038000000000046,7.98
411,Kolondiéba,89,ML,1621525347,27,11.0882,-6.8926,99.05,0.68
412,Houma,78,US,1621525348,85,29.5958,-90.7195,79.06999999999996,8.6
413,Hofn,75,IS,1621525135,65,64.2539,-15.2082,37.688000000000045,6.17
414,Ugoofaaru,56,MV,1621525348,75,5.6667,73.0,84.61400000000003,6.6
415,Port Moresby,40,PG,1621525348,94,-9.4431,147.1797,76.69399999999997,2.57
416,Saint-François,0,FR,1621525192,42,46.4154,3.9054,66.93800000000005,2.57
417,Aktau,0,KZ,1621525349,33,43.65,51.2,81.44600000000005,7.66
418,Santa Vitória,38,BR,1621525349,22,-18.8386,-50.1214,87.476,2.48
419,San Isidro,90,PE,1621525350,87,-12.1167,-77.05,64.52599999999998,0.89
420,Kaitangata,94,NZ,1621525350,76,-46.2817,169.8464,48.2,2.58
421,Iqaluit,90,CA,1621525204,79,63.7506,-68.5145,24.8,2.68
422,Penzance,36,GB,1621525350,74,50.1186,-5.5371,56.67799999999997,18.69
423,Kindu,94,CD,1621525351,82,-2.95,25.95,77.07200000000003,0.93
424,Arona,0,ES,1621525351,61,28.0996,-16.681,73.92200000000004,2.68
425,Mengyin,51,CN,1621525351,62,35.7069,117.9264,62.906000000000034,2.25
426,Port Macquarie,83,AU,1621525352,85,-31.4333,152.9167,52.64600000000005,2.51
427,Maravilha,72,BR,1621525352,32,-26.7608,-53.1725,81.06799999999998,0.77
428,Port-Gentil,44,GA,1621525352,79,-0.7193,8.7815,84.434,3.09
429,Khovd,0,MN,1621525353,16,48.0056,91.6419,50.70199999999998,8.91
430,Uchaly,4,RU,1621525353,49,54.2996,59.4521,60.00800000000001,2.22
431,Linxia Chengguanzhen,67,CN,1621525353,62,35.6003,103.2064,55.79600000000005,0.97
432,Yulara,74,AU,1621525354,31,-25.2406,130.9889,60.908,3.6
433,Port Augusta,65,AU,1621525354,36,-32.5,137.7667,52.969999999999956,1.01
434,Auki,100,SB,1621525354,88,-8.7676,160.7034,78.02599999999998,1.33
435,Paamiut,100,GL,1621525197,77,61.994,-49.6678,37.219999999999956,10.94
436,Imeni Zhelyabova,62,RU,1621525355,82,58.9544,36.5956,65.67799999999997,4.69
437,Richards Bay,81,ZA,1621524936,36,-28.783,32.0377,80.11400000000003,6.9
438,Antsohihy,0,MG,1621525355,56,-14.8796,47.9875,76.00999999999999,6.14
439,Itaberá,0,BR,1621525356,28,-23.8619,-49.1372,77.21600000000001,3.15
440,Koslan,3,RU,1621525356,37,63.4564,48.8989,75.88399999999999,2.03
441,Juegang,100,CN,1621525356,85,32.3174,121.1855,58.29800000000003,1.86
442,Omsukchan,99,RU,1621525356,97,62.5333,155.8,29.67799999999996,1.22
443,San Cristobal,45,VE,1621525357,51,7.7669,-72.225,81.05000000000001,3.93
444,Soyo,39,AO,1621525357,78,-6.1349,12.3689,86.32400000000001,5.11
445,Baghdad,0,IQ,1621525357,8,33.3406,44.4009,105.98000000000005,5.01
446,Mananjary,92,MG,1621525358,70,-21.2167,48.3333,70.32200000000003,2.49
447,Amuntai,100,ID,1621525358,97,-2.4177,115.2494,74.55199999999998,0.47
448,Cap Malheureux,74,MU,1621525227,62,-19.9842,57.6142,74.15600000000003,10.96
449,Bend,1,US,1621525297,54,44.0582,-121.3153,43.682000000000016,2.24
450,Bosobolo,45,CD,1621525359,58,4.1833,19.9,86.21600000000001,2.35
451,Seoul,90,KR,1621524862,90,37.5683,126.9778,59.684,2.63
452,Bougouni,100,ML,1621525359,22,11.417,-7.479,102.776,1.14
453,Kurunegala,100,LK,1621525359,92,7.4863,80.3623,75.99199999999999,1.67
454,Khromtau,82,KZ,1621525360,41,50.2503,58.4347,64.99399999999997,5.46
455,Necochea,95,AR,1621525214,68,-38.5473,-58.7368,58.29800000000003,2.77
456,San Rafael,100,AR,1621525360,87,-34.6177,-68.3301,55.742,4.16
457,Lokosovo,100,RU,1621525360,92,61.1333,74.8167,41.61199999999995,4.1
458,Kingsport,40,US,1621525227,54,36.5484,-82.5618,81.62599999999999,0.89
459,Luganville,89,VU,1621525361,88,-15.5333,167.1667,76.00999999999999,2.27
460,Bloemhof,77,ZA,1621525361,28,-27.6469,25.607,71.88800000000005,8.02
461,Sargodha,4,PK,1621525362,35,32.0836,72.6711,87.96199999999996,7.43
462,Xiangxiang,79,CN,1621525362,91,27.7333,112.5333,60.78200000000002,0.82
463,Northam,54,GB,1621525219,78,51.0333,-4.2167,57.650000000000006,16.11
464,São Gabriel da Cachoeira,75,BR,1621525362,77,-0.1303,-67.0892,84.27200000000005,1.4
465,Ucluelet,1,CA,1621525363,92,48.9329,-125.5528,51.36799999999998,0.93
466,Kirovskiy,77,RU,1621525173,60,45.0917,133.5136,58.92799999999997,2.11
467,Córdoba,90,AR,1621525325,94,-31.4135,-64.1811,60.51199999999996,0.45
468,Nishihara,75,JP,1621525363,94,26.1842,127.7558,82.32799999999997,4.68
469,Springbok,98,ZA,1621525363,91,-29.6643,17.8865,50.55800000000001,8.69
470,Isla Vista,1,US,1621525223,47,34.4133,-119.861,71.34800000000003,0.0
471,Fassuta,1,IL,1621525364,53,33.0483,35.3098,87.42200000000004,3.89
472,Nador,90,MA,1621525364,69,35.174,-2.9287,73.74199999999999,4.77
473,Pemba,20,MZ,1621525364,69,-12.974,40.5178,81.57200000000003,6.17
474,Matagami,90,CA,1621525365,82,49.7502,-77.6328,70.17799999999997,4.54
475,Tabou,68,CI,1621525166,68,4.423,-7.3528,83.58800000000005,4.27
476,Sioni,56,GE,1621525365,77,41.9895,45.0239,72.23000000000005,0.79
477,Mount Darwin,0,ZW,1621525366,48,-16.7725,31.5838,66.542,1.7
478,Rawson,37,AR,1621525086,73,-43.3002,-65.1023,60.20600000000003,6.38
479,Saint-Leu,28,RE,1621525366,69,-21.15,55.2833,72.734,8.2
480,Zacualpan,0,MX,1621525366,53,21.25,-105.1667,78.78200000000001,2.6
481,Pundaguitan,91,PH,1621525367,76,6.3711,126.1689,82.58000000000004,2.46
482,Brusque,5,BR,1621525367,49,-27.0981,-48.9175,77.99000000000002,1.48
483,Laas,33,IT,1621525367,62,46.6166,10.7002,66.38000000000005,2.18
484,Olafsvik,13,IS,1621525145,50,64.8945,-23.7142,41.21600000000001,2.44
485,Melilla,90,ES,1621525368,68,35.2937,-2.9383,73.868,4.63
486,Nacala,14,MZ,1621525368,79,-14.5428,40.6728,74.26400000000004,3.2
487,The Valley,20,AI,1621525368,70,18.217,-63.0578,86.12599999999999,6.17
488,Corrente,15,BR,1621525369,48,-3.7367,-43.3394,91.65199999999999,2.1
489,Abnūb,0,EG,1621525369,12,27.2696,31.1511,99.08599999999997,6.79
490,Quepos,99,CR,1621525369,70,9.4236,-84.1652,92.76799999999999,2.29
491,Nuuk,75,GL,1621525370,80,64.1835,-51.7216,36.48200000000001,13.89
492,Saint Andrews,20,US,1621525370,51,34.0454,-81.1293,81.26600000000002,1.34
493,Tanout,14,NE,1621525370,6,14.9709,8.8879,105.99800000000003,3.94
494,Amurzet,0,RU,1621525371,90,47.6967,131.0981,58.78399999999999,2.52
495,Baruun-Urt,3,MN,1621525371,22,46.6806,113.2792,69.85399999999996,8.53
496,Jacareacanga,35,BR,1621525372,74,-6.2222,-57.7528,85.65800000000002,1.73
497,Chokwé,46,MZ,1621525134,41,-24.5333,32.9833,73.68800000000005,2.78
498,Shahreza,91,IR,1621525372,18,32.0339,51.8794,79.37599999999999,1.44
499,Rostovka,100,RU,1621525321,65,55.3842,71.8891,54.03200000000002,4.33
500,Anadyr,40,RU,1621525372,86,64.75,177.4833,34.57400000000001,6.71
501,Hong Kong,98,HK,1621525149,80,22.2855,114.1577,87.60199999999998,3.13
502,Sarangani,100,PH,1621525217,78,5.4033,125.4636,82.27400000000002,2.2
503,Talavera,100,PH,1621525373,79,15.6167,120.9333,87.35,1.71
504,Safi,0,MA,1621525176,58,32.2994,-9.2372,76.45999999999998,10.37
505,Tegul'det,43,RU,1621525234,58,57.3064,88.1667,37.52599999999999,2.76
506,Biržai,100,LT,1621525374,72,56.2,24.75,53.41999999999996,4.24
507,Scarborough,100,GB,1621525374,89,54.2797,-0.4044,52.196000000000055,1.79
508,Montes Altos,6,BR,1621525374,60,-5.8333,-47.0667,88.55600000000004,2.54
509,Santa Isabel,2,BR,1621525375,34,-23.3156,-46.2214,78.368,3.44
510,Lorengau,9,PG,1621525238,80,-2.0226,147.2712,80.49199999999999,0.89
511,Puerto Escondido,1,MX,1621525208,74,15.85,-97.0667,85.29800000000003,1.54
512,Kazachinskoye,71,RU,1621525375,53,57.6953,93.2761,41.791999999999994,1.68
513,Benguela,0,AO,1621525376,63,-12.5763,13.4055,83.89399999999998,3.05
514,Port Lincoln,4,AU,1621525201,53,-34.7333,135.8667,61.016000000000005,2.99
515,Yerbogachën,8,RU,1621525376,61,61.2767,108.0108,34.32200000000004,0.56
516,Naples,40,IT,1621525104,51,40.8333,14.25,70.68200000000002,1.79
517,Kalengwa,10,ZM,1621525377,45,-13.4659,25.0027,70.01600000000002,1.67
518,Oriximiná,12,BR,1621525377,57,-1.7656,-55.8661,88.66400000000004,1.36
519,Pyaozerskiy,99,RU,1621525377,80,65.8333,31.1667,55.63399999999999,4.51
520,Kahului,90,US,1621524795,91,20.8947,-156.47,72.10399999999996,6.69
521,Khani,2,GE,1621525378,65,41.9563,42.9566,80.43800000000005,2.34
522,Gornyy,16,RU,1621525378,57,55.1153,83.9059,39.056000000000026,3.07
523,Grand Gaube,81,MU,1621525149,62,-20.0064,57.6608,74.066,11.37
524,Jackson,40,US,1621525345,66,42.4165,-122.8345,47.408,1.54
525,Luwuk,88,ID,1621525379,90,-0.9516,122.7875,77.61199999999997,2.0
526,Rabo de Peixe,61,PT,1621525379,79,37.8,-25.5833,67.26199999999996,4.57
527,Ust-Tsilma,19,RU,1621525379,28,65.441,52.1498,81.80600000000004,2.75
528,Santarém,20,BR,1621525152,74,-2.4431,-54.7083,84.59600000000006,4.12
529,Tura,56,IN,1621525175,94,25.5198,90.2201,73.74199999999999,1.97
530,Zhangye,97,CN,1621525380,14,38.9342,100.4517,67.85600000000002,2.24
531,Morondava,7,MG,1621525380,62,-20.2833,44.2833,78.69200000000001,5.08
532,Nemuro,100,JP,1621525381,99,43.3236,145.575,45.08599999999997,5.1
533,Sokoni,78,TZ,1621525381,73,-6.4333,39.55,79.84399999999997,7.2
534,Praia,0,CV,1621525254,48,14.9215,-23.5087,85.00999999999999,6.69
535,Praxédis Guerrero,5,MX,1621525381,15,31.3667,-106.0167,82.21999999999997,4.57
536,Ust-Kuyga,88,RU,1621525382,96,70.0167,135.6,27.158000000000005,1.72
537,Pauini,19,BR,1621525180,66,-7.7136,-66.9764,86.07200000000003,1.46
538,Sola,75,VU,1621525382,94,-13.8833,167.55,77.93599999999998,0.0
539,Manggar,77,ID,1621525383,82,-2.8833,108.2667,81.51799999999999,2.65
540,Tocopilla,19,CL,1621525383,72,-22.092,-70.1979,68.07200000000003,3.08
541,Nouadhibou,0,MR,1621525383,68,20.931,-17.0347,73.65199999999999,11.32
542,Vestmanna,90,FO,1621525384,65,62.1564,-7.1664,40.38800000000005,6.64
543,Nhulunbuy,88,AU,1621525155,78,-12.2333,136.7667,79.68200000000002,4.12
544,Calabozo,31,VE,1621525346,48,8.9242,-67.4293,90.24800000000002,3.68
545,Havre-St-Pierre,20,CA,1621525231,76,50.2334,-63.5986,50.63000000000004,3.09
546,Bara,95,NG,1621525384,46,10.3744,10.7288,86.39600000000004,1.14
547,Pirovskoye,96,RU,1621525385,61,57.6267,92.2658,42.061999999999955,3.28
548,Sibolga,98,ID,1621525151,86,1.7427,98.7792,79.53800000000004,0.81
549,Micoud,20,LC,1621525385,69,13.8167,-60.9,86.25199999999998,7.64
550,Tazmalt,86,DZ,1621525385,40,36.3868,4.3989,78.24199999999999,3.96
551,Kokkola,0,FI,1621525386,82,63.8385,23.1307,61.23200000000001,3.78
552,Tabas,0,IR,1621525386,11,33.5959,56.9244,91.72400000000002,4.91
553,Bandiagara,57,ML,1621525386,16,14.3501,-3.6104,86.70199999999997,2.57
554,Compiègne,100,FR,1621525387,66,49.4179,2.8261,65.46199999999996,6.27
555,College,75,US,1621525228,57,64.8569,-147.8028,52.66400000000003,1.54
556,Pendleton,90,US,1621525387,62,45.6721,-118.7886,52.016000000000005,1.34
557,La Paz,80,BO,1621524955,23,-16.5,-68.15,55.23800000000004,3.18
558,Abu Samrah,0,SY,1621525388,13,35.3029,37.1841,93.27200000000005,3.58
559,Beaverlodge,63,CA,1621525388,60,55.2166,-119.4361,40.622000000000035,3.19
560,Merauke,100,ID,1621525388,85,-8.4667,140.3333,79.12400000000002,7.59
561,Herat Province,0,AF,1621525389,15,34.5,62.0,79.66400000000004,5.41
562,Puerto Madero,5,MX,1621525389,70,14.7208,-92.4215,84.07400000000001,1.57
563,Badiraguato,0,MX,1621525389,36,25.3667,-107.5167,80.97799999999997,1.52
564,Yerky,100,UA,1621525390,80,48.9906,30.9882,58.78399999999999,2.15
565,Ghanaur,56,IN,1621525390,51,30.3322,76.6072,81.89600000000004,4.58
